"patient_id";"first_name";"last_name";"email";"age";"phone"
1;"Anne";"Reid";"areid0@webmd.com";38;"86-(834)961-7651"
2;"Gerald";"Boyd";"gboyd1@wp.com";99;"86-(820)390-0124"
3;"Carol";"Warren";"";0;""
4;"Louise";"Cruz";"lcruz3@seesaa.net";27;"387-(788)787-1094"
5;"Aaron";"Meyer";"ameyer4@com.com";4;"976-(596)637-8785"
6;"Anna";"Adams";"";0;""
7;"Patrick";"Cooper";"pcooper6@chicagotribune.com";63;"62-(675)563-7823"
8;"Larry";"Moreno";"lmoreno7@webnode.com";25;"241-(778)237-6648"
9;"Carol";"Dean";"";0;""
10;"Jennifer";"Hawkins";"jhawkins9@ifeng.com";75;"420-(381)623-7448"
11;"Amanda";"Perry";"aperrya@webnode.com";76;"7-(395)578-0005"
12;"Margaret";"Reynolds";"mreynoldsb@timesonline.co.uk";15;"7-(903)668-0872"
13;"Joshua";"Austin";"jaustinc@tripod.com";59;"387-(943)980-5173"
14;"John";"Wagner";"jwagnerd@apple.com";86;"357-(550)492-3861"
15;"Jerry";"Evans";"jevanse@fastcompany.com";64;"670-(610)295-1774"
16;"Ralph";"Reed";"rreedf@mit.edu";67;"62-(860)258-4852"
17;"Martha";"Ford";"mfordg@cisco.com";62;"62-(519)154-3809"
18;"Wayne";"Austin";"waustinh@indiatimes.com";12;"353-(620)392-6942"
19;"Timothy";"Fields";"tfieldsi@cloudflare.com";77;"850-(551)284-8827"
20;"Willie";"Kennedy";"wkennedyj@goodreads.com";14;"976-(455)561-6024"
21;"Irene";"Wallace";"iwallacek@list-manage.com";59;"86-(151)116-2246"
22;"Mary";"Schmidt";"mschmidtl@narod.ru";76;"62-(293)222-8218"
23;"David";"Robinson";"";0;""
24;"Ernest";"Fields";"efieldsn@economist.com";2;"84-(223)717-1372"
25;"Gloria";"Brooks";"gbrookso@blogs.com";77;"54-(917)111-8965"
26;"Joseph";"Gray";"jgrayp@icq.com";38;"420-(371)882-0945"
27;"Nancy";"Richards";"nrichardsq@patch.com";95;"46-(530)511-8782"
28;"Jennifer";"Elliott";"jelliottr@eepurl.com";40;"48-(758)567-0971"
29;"Diane";"Hunter";"dhunters@ameblo.jp";3;"62-(332)893-4179"
30;"Kelly";"Woods";"kwoodst@businessinsider.com";53;"358-(890)288-6877"
31;"Tammy";"Fox";"tfoxu@google.nl";25;"386-(229)621-8396"
32;"Tammy";"Rodriguez";"trodriguezv@php.net";50;"57-(911)880-5084"
33;"Wayne";"Kelley";"wkelleyw@dion.ne.jp";102;"7-(830)758-9344"
34;"Brandon";"Austin";"baustinx@patch.com";2;"33-(802)529-8747"
35;"Linda";"Brown";"lbrowny@typepad.com";6;"356-(842)131-4068"
36;"Mary";"Perry";"mperryz@dell.com";94;"420-(257)513-9121"
37;"Russell";"Peters";"rpeters10@miibeian.gov.cn";110;"48-(580)299-7733"
38;"Willie";"Barnes";"";0;""
39;"Jean";"Morrison";"jmorrison12@unicef.org";72;"7-(450)550-3187"
40;"Kimberly";"Bailey";"kbailey13@godaddy.com";22;"82-(670)308-2469"
41;"Frank";"Foster";"ffoster14@abc.net.au";76;"86-(143)504-8631"
42;"James";"Carter";"jcarter15@macromedia.com";54;"86-(815)149-5263"
43;"Harold";"Armstrong";"harmstrong16@ustream.tv";110;"976-(956)182-6943"
44;"Elizabeth";"Adams";"eadams17@thetimes.co.uk";101;"62-(194)156-5652"
45;"Donald";"Stevens";"dstevens18@lulu.com";119;"86-(932)590-5658"
46;"Timothy";"Hunter";"thunter19@goodreads.com";88;"62-(525)159-1822"
47;"Sharon";"Ellis";"sellis1a@barnesandnoble.com";38;"86-(786)145-3786"
48;"David";"Jackson";"djackson1b@google.de";47;"86-(524)377-9797"
49;"Gregory";"Brown";"";0;""
50;"Louise";"Diaz";"ldiaz1d@stumbleupon.com";120;"992-(756)589-6578"
51;"Denise";"George";"dgeorge1e@google.co.jp";101;"359-(640)299-1159"
52;"Steve";"Powell";"spowell1f@fema.gov";4;"7-(667)128-2090"
53;"Diana";"Marshall";"dmarshall1g@vimeo.com";74;"86-(701)556-3378"
54;"Steven";"Romero";"sromero1h@xing.com";69;"359-(264)357-0603"
55;"Samuel";"Watkins";"swatkins1i@t.co";13;"98-(638)716-2097"
56;"Robin";"Webb";"rwebb1j@ocn.ne.jp";41;"351-(582)181-1714"
57;"Theresa";"Knight";"tknight1k@sphinn.com";62;"255-(493)434-2352"
58;"Samuel";"Gordon";"sgordon1l@hhs.gov";6;"351-(382)252-3430"
59;"Howard";"Webb";"hwebb1m@yellowbook.com";39;"46-(332)357-2877"
60;"Henry";"Bryant";"";0;""
61;"Scott";"Hansen";"shansen1o@deviantart.com";100;"30-(284)297-5845"
62;"Jacqueline";"Bailey";"jbailey1p@yandex.ru";49;"86-(129)439-5313"
63;"Annie";"Cooper";"acooper1q@nytimes.com";54;"27-(415)847-5167"
64;"Diane";"Ramirez";"dramirez1r@weibo.com";9;"970-(607)604-4227"
65;"Russell";"Morris";"rmorris1s@youku.com";1;"63-(325)898-4487"
66;"Paula";"King";"pking1t@sciencedirect.com";30;"7-(166)662-5440"
67;"Betty";"Collins";"bcollins1u@walmart.com";48;"86-(664)393-2742"
68;"Mary";"Davis";"mdavis1v@e-recht24.de";101;"62-(872)486-2380"
69;"Daniel";"Williamson";"dwilliamson1w@amazon.com";69;"86-(741)657-8647"
70;"Deborah";"Sullivan";"dsullivan1x@quantcast.com";27;"62-(213)274-3868"
71;"Annie";"Perry";"aperry1y@joomla.org";111;"55-(490)560-9395"
72;"Diana";"Hernandez";"dhernandez1z@wix.com";84;"86-(701)650-5235"
73;"Stephanie";"Carter";"";0;""
74;"Tina";"Cruz";"tcruz21@a8.net";23;"380-(122)754-7387"
75;"Carl";"Davis";"cdavis22@sun.com";85;"86-(220)777-9324"
76;"Craig";"Kim";"ckim23@studiopress.com";68;"55-(557)666-8907"
77;"Michael";"Daniels";"";0;""
78;"Debra";"Carter";"dcarter25@eepurl.com";35;"33-(660)582-5650"
79;"Kimberly";"Nichols";"knichols26@exblog.jp";33;"86-(901)466-8855"
80;"Kenneth";"Morrison";"kmorrison27@blogs.com";9;"62-(396)820-4575"
81;"Lawrence";"Jacobs";"ljacobs28@chicagotribune.com";65;"84-(679)168-7067"
82;"Kelly";"Weaver";"";0;""
83;"Sean";"Fisher";"sfisher2a@timesonline.co.uk";22;"1-(170)677-3294"
84;"Bonnie";"Boyd";"bboyd2b@businessweek.com";112;"86-(280)413-3831"
85;"Janice";"Lee";"jlee2c@bloomberg.com";33;"970-(932)912-1098"
86;"Helen";"Woods";"hwoods2d@google.es";92;"63-(745)639-9385"
87;"Fred";"Daniels";"fdaniels2e@sina.com.cn";57;"66-(760)280-5345"
88;"Christina";"Thompson";"cthompson2f@loc.gov";65;"382-(918)669-3117"
89;"Sandra";"Mitchell";"smitchell2g@home.pl";65;"63-(265)514-1146"
90;"Stephanie";"Gonzales";"";0;""
91;"Craig";"King";"cking2i@live.com";61;"86-(803)160-6227"
92;"Theresa";"Ward";"tward2j@mediafire.com";10;"7-(687)818-1201"
93;"Lori";"Elliott";"lelliott2k@ucoz.com";27;"976-(273)221-6991"
94;"Doris";"Reid";"dreid2l@discuz.net";91;"86-(572)470-8478"
95;"Sarah";"Chapman";"schapman2m@sogou.com";100;"55-(193)890-9460"
96;"Randy";"Ellis";"rellis2n@infoseek.co.jp";67;"86-(773)595-8750"
97;"Stephen";"Dunn";"sdunn2o@weather.com";119;"51-(141)431-6919"
98;"Clarence";"Fernandez";"cfernandez2p@un.org";64;"380-(116)938-2375"
99;"Teresa";"Ramos";"tramos2q@mac.com";26;"7-(228)935-0833"
100;"Jimmy";"Baker";"jbaker2r@bloomberg.com";85;"62-(239)885-7098"
101;"Willie";"Black";"wblack2s@youtube.com";76;"62-(890)628-2933"
102;"Rose";"Mason";"rmason2t@amazon.de";35;"502-(366)692-8669"
103;"Antonio";"Sanchez";"asanchez2u@blog.com";77;"33-(282)716-3151"
104;"Carolyn";"Carroll";"ccarroll2v@slashdot.org";62;"66-(868)978-9229"
105;"Elizabeth";"Taylor";"";0;""
106;"Rachel";"Webb";"";0;""
107;"Russell";"Gomez";"rgomez2y@angelfire.com";48;"33-(782)954-4652"
108;"Norma";"Payne";"npayne2z@tumblr.com";42;"1-(646)641-4345"
109;"Bruce";"Tucker";"btucker30@spiegel.de";99;"351-(608)657-9309"
110;"Bonnie";"Rice";"brice31@g.co";39;"33-(644)808-0729"
111;"Paula";"Chavez";"pchavez32@bloglovin.com";87;"86-(331)306-1227"
112;"Russell";"Gardner";"rgardner33@imgur.com";105;"33-(857)821-4028"
113;"Kenneth";"Stanley";"kstanley34@pcworld.com";36;"62-(257)955-3708"
114;"Martin";"Greene";"mgreene35@nasa.gov";35;"98-(395)670-4722"
115;"Frank";"Crawford";"fcrawford36@go.com";55;"30-(263)726-0437"
116;"Thomas";"Mcdonald";"tmcdonald37@addthis.com";73;"51-(568)125-5111"
117;"Anna";"Sullivan";"asullivan38@artisteer.com";20;"372-(194)248-8703"
118;"Michael";"Day";"mday39@typepad.com";81;"420-(745)220-2652"
119;"Jack";"Olson";"jolson3a@networkadvertising.org";7;"1-(214)701-6717"
120;"Christina";"Nichols";"cnichols3b@wikia.com";54;"81-(972)309-8821"
121;"Stephanie";"Hicks";"shicks3c@dell.com";67;"352-(218)763-9053"
122;"Todd";"Sanders";"tsanders3d@wikipedia.org";33;"7-(181)254-6367"
123;"Ruth";"Miller";"rmiller3e@cyberchimps.com";28;"54-(801)983-2381"
124;"Harry";"Long";"hlong3f@ihg.com";109;"86-(217)295-6336"
125;"Christopher";"Garza";"cgarza3g@over-blog.com";107;"86-(249)936-8620"
126;"Douglas";"Tucker";"dtucker3h@globo.com";75;"62-(837)627-0640"
127;"Gloria";"Vasquez";"gvasquez3i@fc2.com";91;"86-(570)406-4656"
128;"Andrew";"Gordon";"agordon3j@geocities.com";35;"62-(767)550-5328"
129;"Heather";"Clark";"hclark3k@shinystat.com";112;"86-(720)175-1468"
130;"Harry";"Jordan";"hjordan3l@microsoft.com";71;"62-(932)953-1297"
131;"Brenda";"Lewis";"blewis3m@biblegateway.com";39;"86-(355)410-5563"
132;"Keith";"Patterson";"kpatterson3n@ebay.com";73;"7-(334)962-6105"
133;"Nicole";"Mason";"nmason3o@nyu.edu";57;"63-(860)172-3376"
134;"Clarence";"Rice";"crice3p@istockphoto.com";97;"57-(242)572-8422"
135;"Gregory";"Morrison";"gmorrison3q@vinaora.com";118;"591-(992)439-4979"
136;"Philip";"King";"pking3r@gmpg.org";103;"7-(258)289-8606"
137;"Evelyn";"Stanley";"estanley3s@com.com";94;"963-(788)283-0532"
138;"Katherine";"Hill";"khill3t@canalblog.com";79;"380-(312)388-7520"
139;"Bobby";"Green";"bgreen3u@smugmug.com";39;"55-(925)625-4339"
140;"Dennis";"Clark";"dclark3v@dmoz.org";51;"63-(227)351-1826"
141;"Frank";"Wilson";"fwilson3w@cisco.com";106;"380-(490)233-8998"
142;"Lillian";"Hart";"lhart3x@phpbb.com";114;"62-(162)566-1318"
143;"Gary";"Johnston";"gjohnston3y@sciencedaily.com";86;"967-(935)515-6508"
144;"Gregory";"Elliott";"gelliott3z@blogger.com";31;"7-(759)172-1382"
145;"Harold";"Campbell";"hcampbell40@woothemes.com";93;"52-(703)117-1440"
146;"Paul";"Thompson";"pthompson41@wufoo.com";96;"57-(289)523-5419"
147;"Harry";"Sanders";"hsanders42@cloudflare.com";79;"880-(760)835-5115"
148;"Debra";"Dean";"ddean43@discovery.com";119;"57-(463)333-7040"
149;"Lisa";"Franklin";"lfranklin44@mapquest.com";69;"66-(219)643-8566"
150;"Kathryn";"Fernandez";"kfernandez45@stanford.edu";118;"62-(769)718-2941"
151;"Rachel";"Hill";"rhill46@gravatar.com";75;"62-(471)391-1281"
152;"Roger";"Sullivan";"rsullivan47@fastcompany.com";109;"359-(572)251-0902"
153;"Matthew";"Moreno";"mmoreno48@accuweather.com";59;"967-(856)237-7117"
154;"Amanda";"Barnes";"abarnes49@blogger.com";87;"62-(426)438-5229"
155;"Douglas";"Matthews";"dmatthews4a@google.de";104;"27-(426)130-2935"
156;"Charles";"Perry";"cperry4b@freewebs.com";107;"92-(526)762-3406"
157;"Carolyn";"Graham";"";0;""
158;"Andrea";"King";"aking4d@phoca.cz";111;"33-(905)169-1108"
159;"Jeffrey";"Mendoza";"jmendoza4e@microsoft.com";94;"375-(460)931-3162"
160;"Lisa";"West";"lwest4f@altervista.org";108;"46-(120)597-3762"
161;"Barbara";"Howard";"";0;""
162;"Walter";"Garrett";"";0;""
163;"Walter";"Ortiz";"wortiz4i@unesco.org";57;"48-(391)199-6775"
164;"Arthur";"Myers";"amyers4j@msu.edu";65;"62-(704)623-3896"
165;"Russell";"Bowman";"rbowman4k@lycos.com";97;"62-(432)664-6754"
166;"Joshua";"Pierce";"jpierce4l@fema.gov";36;"1-(339)304-2392"
167;"Joshua";"Griffin";"jgriffin4m@squidoo.com";18;"351-(822)703-7507"
168;"Diana";"Chavez";"dchavez4n@paginegialle.it";120;"1-(537)567-1578"
169;"Amy";"Johnston";"ajohnston4o@123-reg.co.uk";107;"62-(932)397-5471"
170;"Edward";"Johnston";"ejohnston4p@scientificamerican.com";6;"504-(689)906-5479"
171;"Maria";"Price";"mprice4q@gravatar.com";62;"86-(691)511-7254"
172;"Helen";"Cruz";"hcruz4r@symantec.com";51;"33-(390)917-8096"
173;"Billy";"Flores";"";0;""
174;"Karen";"Kelley";"";0;""
175;"Julie";"Murphy";"jmurphy4u@huffingtonpost.com";18;"55-(480)997-6511"
176;"Rose";"Freeman";"rfreeman4v@tripod.com";66;"62-(811)182-0020"
177;"Frank";"Stanley";"";0;""
178;"Norma";"Weaver";"nweaver4x@ihg.com";42;"86-(102)117-7571"
179;"Ralph";"Hawkins";"rhawkins4y@creativecommons.org";79;"505-(113)760-0596"
180;"Raymond";"Sims";"rsims4z@free.fr";61;"86-(262)809-9910"
181;"Robin";"Elliott";"relliott50@twitter.com";2;"33-(264)785-1247"
182;"Louise";"Ramirez";"lramirez51@bizjournals.com";102;"86-(351)214-1548"
183;"Albert";"White";"awhite52@livejournal.com";68;"63-(107)399-6312"
184;"Alan";"Castillo";"acastillo53@constantcontact.com";9;"55-(526)592-9145"
185;"Thomas";"Hughes";"thughes54@freewebs.com";8;"46-(701)321-2942"
186;"Elizabeth";"Clark";"eclark55@godaddy.com";89;"86-(460)175-7559"
187;"Raymond";"Olson";"rolson56@simplemachines.org";70;"389-(738)220-7640"
188;"William";"Fowler";"wfowler57@goo.gl";55;"33-(216)274-2942"
189;"Bruce";"Allen";"ballen58@imdb.com";73;"62-(226)703-0025"
190;"Timothy";"Turner";"tturner59@mysql.com";53;"359-(453)261-0536"
191;"Jack";"Daniels";"jdaniels5a@wufoo.com";97;"86-(931)618-7899"
192;"Carol";"Cook";"ccook5b@imgur.com";8;"351-(331)676-8099"
193;"Laura";"Dunn";"ldunn5c@taobao.com";115;"98-(319)145-6421"
194;"Patricia";"Alexander";"palexander5d@diigo.com";109;"380-(217)314-4798"
195;"Lillian";"Burke";"lburke5e@mlb.com";10;"47-(716)422-0163"
196;"Steve";"Gray";"sgray5f@infoseek.co.jp";75;"33-(249)271-9660"
197;"Janice";"Rogers";"";0;""
198;"Cynthia";"Baker";"cbaker5h@i2i.jp";113;"63-(813)378-9955"
199;"Teresa";"Spencer";"tspencer5i@reuters.com";45;"51-(388)177-5823"
200;"Doris";"Dunn";"ddunn5j@fastcompany.com";57;"7-(513)904-7928"
201;"Peter";"Davis";"pdavis5k@google.com.au";116;"355-(496)699-5759"
202;"Mark";"Turner";"";0;""
203;"Helen";"Morales";"";0;""
204;"Brandon";"Green";"bgreen5n@epa.gov";47;"1-(602)887-3023"
205;"Deborah";"Reynolds";"dreynolds5o@army.mil";28;"51-(859)949-3621"
206;"Eugene";"Porter";"eporter5p@ameblo.jp";99;"267-(646)325-5662"
207;"Henry";"Rodriguez";"hrodriguez5q@php.net";12;"82-(202)785-6025"
208;"Jose";"Hill";"jhill5r@washington.edu";33;"81-(335)909-1110"
209;"Ernest";"Grant";"egrant5s@hud.gov";22;"7-(232)499-6160"
210;"Shirley";"Palmer";"spalmer5t@yelp.com";100;"86-(428)357-0346"
211;"Victor";"Johnston";"vjohnston5u@uol.com.br";100;"86-(512)937-0968"
212;"Mildred";"Myers";"mmyers5v@ycombinator.com";62;"62-(995)380-2024"
213;"Amanda";"Henderson";"ahenderson5w@stumbleupon.com";39;"234-(590)360-3667"
214;"Billy";"Baker";"bbaker5x@hibu.com";94;"380-(220)102-5304"
215;"Denise";"Sims";"dsims5y@privacy.gov.au";14;"62-(196)606-0988"
216;"William";"Carpenter";"wcarpenter5z@zimbio.com";114;"967-(864)797-3133"
217;"Daniel";"Payne";"";0;""
218;"Sara";"Larson";"slarson61@abc.net.au";78;"380-(240)768-4990"
219;"Aaron";"Knight";"";0;""
220;"Adam";"Owens";"aowens63@ucoz.com";103;"86-(533)710-6812"
221;"Mark";"Greene";"mgreene64@163.com";10;"359-(712)438-1581"
222;"Emily";"Cook";"ecook65@studiopress.com";111;"84-(951)375-0425"
223;"Joan";"Hunt";"jhunt66@cdc.gov";70;"383-(338)122-7211"
224;"Chris";"Hernandez";"chernandez67@senate.gov";18;"964-(447)926-6455"
225;"Andrea";"Bryant";"abryant68@epa.gov";29;"251-(796)360-0646"
226;"Michelle";"Hart";"mhart69@time.com";77;"593-(932)511-1679"
227;"Melissa";"Edwards";"medwards6a@bbc.co.uk";38;"86-(837)457-3045"
228;"Sarah";"Rogers";"srogers6b@elpais.com";60;"62-(865)449-3373"
229;"Janice";"Myers";"jmyers6c@foxnews.com";62;"86-(622)411-6486"
230;"Gary";"Perez";"";0;""
231;"Alan";"Rice";"arice6e@symantec.com";6;"55-(335)572-0949"
232;"Phillip";"Cook";"pcook6f@wufoo.com";35;"62-(323)356-5141"
233;"Kathleen";"Burns";"kburns6g@china.com.cn";39;"7-(572)765-1294"
234;"Timothy";"Pierce";"tpierce6h@dion.ne.jp";24;"46-(503)222-3466"
235;"Robin";"Edwards";"redwards6i@foxnews.com";17;"57-(615)491-5287"
236;"Ann";"Murphy";"amurphy6j@moonfruit.com";6;"81-(493)673-3739"
237;"Barbara";"Burke";"bburke6k@illinois.edu";41;"62-(687)614-5950"
238;"Nancy";"Rodriguez";"nrodriguez6l@patch.com";18;"30-(846)754-3568"
239;"Jeremy";"Hill";"jhill6m@google.co.jp";62;"81-(735)673-6353"
240;"Maria";"Morris";"mmorris6n@hexun.com";115;"1-(491)355-2592"
241;"Roger";"Hawkins";"rhawkins6o@cnn.com";30;"95-(680)163-5375"
242;"Philip";"Powell";"ppowell6p@narod.ru";16;"46-(691)920-3023"
243;"Anne";"Greene";"agreene6q@gravatar.com";60;"46-(628)269-3149"
244;"Patrick";"Palmer";"ppalmer6r@independent.co.uk";6;"62-(962)838-1889"
245;"Bonnie";"Hansen";"bhansen6s@mapy.cz";47;"86-(299)586-8200"
246;"Kathy";"Hughes";"";0;""
247;"Ashley";"Johnson";"ajohnson6u@mail.ru";24;"371-(195)939-1946"
248;"Ryan";"Ward";"rward6v@google.com.hk";109;"7-(728)495-0304"
249;"Ruby";"Richardson";"rrichardson6w@sciencedaily.com";85;"1-(614)698-3583"
250;"Henry";"Collins";"hcollins6x@amazon.co.jp";58;"1-(474)667-2182"
251;"Diane";"Ray";"";0;""
252;"Michelle";"Parker";"mparker6z@qq.com";114;"86-(634)473-3853"
253;"Carl";"Baker";"cbaker70@discovery.com";102;"33-(437)501-4553"
254;"Catherine";"Mitchell";"";0;""
255;"Jason";"Jordan";"";0;""
256;"Kelly";"Carroll";"";0;""
257;"Roy";"Foster";"rfoster74@gov.uk";109;"63-(541)735-3845"
258;"Clarence";"Bowman";"cbowman75@smugmug.com";53;"33-(998)585-7741"
259;"John";"Cox";"jcox76@cpanel.net";41;"7-(733)435-0567"
260;"Betty";"Richardson";"brichardson77@webnode.com";85;"967-(313)201-2236"
261;"Martin";"Schmidt";"mschmidt78@pagesperso-orange.fr";18;"86-(245)619-6252"
262;"Steven";"Bowman";"sbowman79@cpanel.net";44;"62-(264)529-4762"
263;"Lori";"Mitchell";"lmitchell7a@squarespace.com";41;"51-(782)601-7014"
264;"Jeffrey";"Hunter";"jhunter7b@state.gov";74;"685-(234)317-7949"
265;"Bruce";"Johnston";"bjohnston7c@parallels.com";38;"86-(290)421-0812"
266;"Christopher";"Fernandez";"";0;""
267;"Debra";"Wood";"dwood7e@accuweather.com";119;"33-(738)694-7829"
268;"Kevin";"Woods";"kwoods7f@scribd.com";85;"62-(215)441-4899"
269;"Alan";"Murphy";"amurphy7g@walmart.com";100;"420-(720)812-5334"
270;"Barbara";"Smith";"bsmith7h@weibo.com";78;"63-(991)489-5415"
271;"Lillian";"Lane";"llane7i@furl.net";4;"355-(887)638-0523"
272;"Sarah";"Mendoza";"smendoza7j@unesco.org";28;"505-(653)799-4750"
273;"Andrea";"Henderson";"ahenderson7k@sitemeter.com";31;"351-(818)272-3673"
274;"Patrick";"Woods";"";0;""
275;"Marie";"Willis";"";0;""
276;"Ronald";"Torres";"rtorres7n@deviantart.com";43;"54-(820)652-5904"
277;"Denise";"Wheeler";"dwheeler7o@wp.com";101;"57-(759)895-7215"
278;"Carol";"Hanson";"";0;""
279;"Jeremy";"Mitchell";"jmitchell7q@dedecms.com";90;"267-(728)530-4611"
280;"Lisa";"Baker";"";0;""
281;"Tina";"Watkins";"twatkins7s@sciencedirect.com";108;"7-(368)101-5957"
282;"Shirley";"Armstrong";"sarmstrong7t@foxnews.com";28;"7-(630)358-8230"
283;"Douglas";"James";"djames7u@bbb.org";19;"86-(470)999-5991"
284;"Gary";"Torres";"gtorres7v@amazon.com";103;"60-(660)839-9616"
285;"Pamela";"Brown";"pbrown7w@noaa.gov";103;"82-(956)853-0707"
286;"Sandra";"Brown";"sbrown7x@yolasite.com";2;"996-(976)428-0033"
287;"Carolyn";"Schmidt";"cschmidt7y@t-online.de";117;"48-(905)506-4737"
288;"Andrew";"Foster";"afoster7z@unblog.fr";38;"86-(597)799-5197"
289;"Amy";"Franklin";"afranklin80@ifeng.com";71;"62-(299)778-3263"
290;"Joseph";"Graham";"jgraham81@github.io";96;"57-(447)206-4293"
291;"Christopher";"Mcdonald";"cmcdonald82@tinypic.com";99;"504-(846)345-0151"
292;"Virginia";"Morrison";"vmorrison83@wunderground.com";88;"55-(289)914-2082"
293;"Nancy";"Mendoza";"nmendoza84@indiatimes.com";55;"7-(410)414-7658"
294;"Lori";"Carter";"lcarter85@blogs.com";56;"502-(506)256-4398"
295;"Catherine";"Jones";"cjones86@reuters.com";112;"55-(551)956-7800"
296;"Earl";"Mccoy";"emccoy87@woothemes.com";92;"62-(143)382-7643"
297;"Irene";"Cole";"icole88@hhs.gov";12;"86-(207)971-5837"
298;"Phillip";"Romero";"promero89@com.com";111;"7-(468)522-0351"
299;"Lois";"Wallace";"lwallace8a@mapy.cz";111;"389-(720)767-5597"
300;"Amy";"Butler";"abutler8b@smh.com.au";20;"964-(606)503-3334"
301;"Gerald";"Riley";"griley8c@mysql.com";22;"62-(935)228-2460"
302;"Andrew";"Riley";"ariley8d@indiegogo.com";56;"62-(683)868-6985"
303;"Daniel";"Washington";"dwashington8e@cbslocal.com";8;"30-(821)906-1011"
304;"Walter";"Bowman";"wbowman8f@homestead.com";24;"93-(106)182-1714"
305;"Nancy";"Taylor";"";0;""
306;"Sharon";"Burke";"sburke8h@admin.ch";23;"230-(659)859-9494"
307;"Mark";"Ross";"mross8i@reverbnation.com";66;"420-(292)679-1170"
308;"Angela";"Johnston";"";0;""
309;"Donna";"Thomas";"dthomas8k@tinyurl.com";37;"52-(112)490-4224"
310;"Kelly";"Howell";"khowell8l@marketwatch.com";22;"691-(479)699-4675"
311;"Virginia";"Perez";"vperez8m@berkeley.edu";5;"86-(679)953-7969"
312;"Jeffrey";"Mendoza";"jmendoza8n@nytimes.com";92;"57-(673)141-8460"
313;"Sarah";"Duncan";"sduncan8o@github.com";7;"86-(885)299-8903"
314;"Samuel";"Miller";"smiller8p@techcrunch.com";72;"380-(268)180-4160"
315;"Donald";"Hall";"dhall8q@cnet.com";81;"30-(507)259-7136"
316;"George";"Rodriguez";"";0;""
317;"James";"Robinson";"jrobinson8s@blog.com";16;"351-(493)504-7112"
318;"Sean";"Hicks";"shicks8t@va.gov";8;"86-(135)220-7864"
319;"Christine";"Barnes";"cbarnes8u@so-net.ne.jp";105;"351-(162)767-9252"
320;"Carol";"Owens";"cowens8v@comsenz.com";42;"386-(522)758-4962"
321;"Brian";"Weaver";"bweaver8w@reverbnation.com";55;"226-(650)489-3928"
322;"Harry";"Ellis";"hellis8x@about.com";37;"20-(225)750-6573"
323;"Phyllis";"Hansen";"";0;""
324;"Rebecca";"Webb";"rwebb8z@engadget.com";110;"93-(679)419-6446"
325;"Shirley";"Burke";"sburke90@japanpost.jp";115;"386-(286)409-8222"
326;"Scott";"Crawford";"scrawford91@scribd.com";33;"55-(756)631-0010"
327;"Shirley";"Spencer";"sspencer92@tripod.com";12;"46-(795)977-2764"
328;"Karen";"Daniels";"kdaniels93@twitter.com";103;"373-(421)427-7439"
329;"Bruce";"Daniels";"bdaniels94@mtv.com";10;"63-(772)301-2983"
330;"Carl";"Lynch";"clynch95@miibeian.gov.cn";60;"56-(204)513-0924"
331;"Evelyn";"Reynolds";"ereynolds96@fda.gov";64;"30-(299)204-7928"
332;"Janice";"Ramos";"jramos97@last.fm";88;"63-(267)768-3105"
333;"Brian";"Harris";"bharris98@princeton.edu";41;"48-(220)113-4040"
334;"Jacqueline";"Mendoza";"";0;""
335;"Donald";"Day";"dday9a@huffingtonpost.com";1;"86-(836)502-8611"
336;"Anthony";"Castillo";"acastillo9b@omniture.com";1;"7-(738)839-8987"
337;"Deborah";"Dunn";"ddunn9c@usnews.com";116;"377-(477)102-6320"
338;"Brandon";"Little";"blittle9d@hc360.com";2;"86-(304)748-5980"
339;"Randy";"Parker";"rparker9e@si.edu";92;"351-(779)533-8332"
340;"Louis";"Reynolds";"lreynolds9f@slate.com";28;"62-(122)881-1194"
341;"Mark";"Torres";"mtorres9g@census.gov";8;"1-(402)881-9118"
342;"Willie";"Bishop";"wbishop9h@sfgate.com";40;"48-(331)445-9402"
343;"Janet";"Cruz";"jcruz9i@reference.com";4;"381-(176)366-9524"
344;"Catherine";"Gibson";"cgibson9j@earthlink.net";43;"7-(122)298-5709"
345;"Shawn";"Mills";"smills9k@pcworld.com";67;"86-(972)511-7587"
346;"Roger";"Jacobs";"rjacobs9l@cloudflare.com";89;"86-(839)815-2956"
347;"Bobby";"Gray";"bgray9m@github.io";112;"33-(638)758-9871"
348;"Ryan";"Gray";"rgray9n@buzzfeed.com";113;"86-(827)533-8581"
349;"Cheryl";"Ward";"cward9o@plala.or.jp";71;"234-(198)966-9133"
350;"Joan";"Bradley";"jbradley9p@squidoo.com";32;"44-(319)314-4028"
351;"Terry";"Arnold";"tarnold9q@nbcnews.com";104;"57-(333)173-1278"
352;"Stephanie";"Montgomery";"smontgomery9r@reverbnation.com";35;"62-(399)965-2719"
353;"Larry";"Brown";"lbrown9s@prweb.com";53;"57-(308)619-5510"
354;"Brandon";"Kim";"bkim9t@ask.com";75;"86-(383)488-1307"
355;"Jesse";"Wallace";"jwallace9u@homestead.com";106;"234-(909)695-5112"
356;"Kathryn";"George";"kgeorge9v@weibo.com";40;"86-(790)519-5267"
357;"Stephanie";"Cole";"scole9w@buzzfeed.com";10;"7-(565)175-6689"
358;"Eugene";"Knight";"eknight9x@vk.com";51;"7-(848)387-9580"
359;"Dennis";"Morrison";"dmorrison9y@wisc.edu";68;"54-(344)747-1996"
360;"Martha";"Wheeler";"mwheeler9z@slate.com";13;"970-(569)384-4710"
361;"Frances";"Garza";"fgarzaa0@wikimedia.org";76;"55-(155)765-7502"
362;"Cynthia";"Kelley";"ckelleya1@cbc.ca";52;"63-(146)631-3022"
363;"Brenda";"Foster";"bfostera2@google.com.hk";25;"240-(262)970-8378"
364;"Julie";"Jenkins";"jjenkinsa3@tumblr.com";51;"86-(845)589-6730"
365;"Jose";"Elliott";"";0;""
366;"Norma";"Matthews";"nmatthewsa5@deviantart.com";81;"48-(527)538-7395"
367;"Marie";"Simpson";"msimpsona6@hao123.com";44;"385-(429)935-6087"
368;"Beverly";"Hansen";"bhansena7@desdev.cn";96;"371-(275)308-5774"
369;"Judith";"Gibson";"jgibsona8@sakura.ne.jp";9;"7-(290)986-8727"
370;"Elizabeth";"Greene";"egreenea9@psu.edu";78;"86-(697)961-0394"
371;"Sarah";"Stanley";"sstanleyaa@statcounter.com";118;"86-(782)229-3948"
372;"Samuel";"Hayes";"shayesab@imdb.com";38;"52-(784)420-8679"
373;"Mildred";"James";"mjamesac@blog.com";110;"63-(710)147-4015"
374;"Mark";"Fox";"mfoxad@washington.edu";20;"58-(586)658-4032"
375;"Timothy";"Kelly";"tkellyae@google.com.au";79;"86-(301)896-7279"
376;"Lori";"Jones";"ljonesaf@blogspot.com";39;"386-(343)587-7654"
377;"Christina";"Hamilton";"chamiltonag@barnesandnoble.com";31;"255-(679)382-7406"
378;"Judith";"Baker";"jbakerah@odnoklassniki.ru";117;"54-(504)255-0171"
379;"Patricia";"Riley";"prileyai@timesonline.co.uk";6;"86-(858)956-1256"
380;"Deborah";"Freeman";"dfreemanaj@theglobeandmail.com";22;"86-(941)817-5795"
381;"Amanda";"Gardner";"agardnerak@wsj.com";52;"52-(377)457-1462"
382;"Michael";"Carr";"mcarral@geocities.jp";65;"92-(190)626-2796"
383;"Laura";"Rodriguez";"lrodriguezam@google.de";88;"502-(364)963-3728"
384;"Helen";"Scott";"hscottan@sun.com";92;"86-(490)960-2460"
385;"Linda";"Graham";"lgrahamao@epa.gov";100;"98-(284)873-3637"
386;"Laura";"Stone";"";0;""
387;"Bruce";"Ramos";"bramosaq@home.pl";81;"7-(401)582-6991"
388;"Earl";"Hunt";"";0;""
389;"Eugene";"Matthews";"ematthewsas@indiegogo.com";24;"355-(281)497-8261"
390;"Marie";"Miller";"mmillerat@moonfruit.com";49;"33-(651)921-0595"
391;"Ruby";"Hamilton";"rhamiltonau@answers.com";117;"62-(162)238-5455"
392;"Eric";"Gutierrez";"egutierrezav@un.org";109;"420-(688)936-4849"
393;"Arthur";"Gomez";"agomezaw@google.nl";97;"52-(394)621-0039"
394;"Wayne";"Phillips";"wphillipsax@istockphoto.com";113;"63-(908)465-3981"
395;"Gloria";"Hart";"ghartay@blogspot.com";110;"30-(627)980-4530"
396;"Kathryn";"Martin";"kmartinaz@microsoft.com";116;"265-(856)276-8317"
397;"Patricia";"Gardner";"pgardnerb0@wikia.com";90;"351-(265)286-5298"
398;"Gregory";"Butler";"gbutlerb1@spotify.com";82;"504-(939)355-3752"
399;"Anna";"Hansen";"ahansenb2@bigcartel.com";113;"62-(305)254-7427"
400;"Emily";"Phillips";"ephillipsb3@wisc.edu";2;"81-(845)723-1575"
401;"Albert";"Cook";"";0;""
402;"Julie";"Barnes";"";0;""
403;"Judith";"Hamilton";"jhamiltonb6@nps.gov";29;"81-(582)516-2824"
404;"Ronald";"Smith";"rsmithb7@yellowbook.com";25;"62-(406)135-5645"
405;"Louise";"Hawkins";"lhawkinsb8@opera.com";41;"58-(549)714-4973"
406;"Judy";"Robinson";"jrobinsonb9@ocn.ne.jp";70;"7-(757)407-4998"
407;"Jane";"Spencer";"jspencerba@wikimedia.org";68;"53-(341)477-6285"
408;"Christina";"Phillips";"cphillipsbb@cafepress.com";24;"7-(277)959-6495"
409;"Rose";"Woods";"rwoodsbc@va.gov";26;"7-(821)917-2056"
410;"James";"Grant";"jgrantbd@wsj.com";114;"86-(184)477-9172"
411;"Ryan";"Bishop";"rbishopbe@gnu.org";75;"48-(188)374-8048"
412;"Karen";"Wood";"kwoodbf@google.it";64;"62-(576)249-0500"
413;"Emily";"Perry";"eperrybg@yale.edu";82;"55-(384)176-5665"
414;"Antonio";"Gutierrez";"agutierrezbh@who.int";12;"86-(479)289-4598"
415;"Sharon";"Day";"sdaybi@gov.uk";51;"691-(344)325-0295"
416;"Laura";"Dixon";"ldixonbj@360.cn";25;"34-(932)792-2573"
417;"Jeremy";"Ford";"jfordbk@berkeley.edu";82;"504-(399)496-1711"
418;"Brian";"Nguyen";"bnguyenbl@archive.org";94;"7-(719)255-7804"
419;"Nicholas";"Ward";"nwardbm@newsvine.com";102;"46-(795)679-0227"
420;"Beverly";"Myers";"bmyersbn@virginia.edu";104;"55-(258)356-1591"
421;"Henry";"Berry";"hberrybo@ibm.com";32;"7-(571)359-1587"
422;"Jesse";"Grant";"";0;""
423;"Tina";"Ward";"twardbq@time.com";108;"86-(288)905-5716"
424;"Diane";"Ford";"dfordbr@xing.com";45;"33-(380)103-2333"
425;"Fred";"Gomez";"fgomezbs@infoseek.co.jp";30;"92-(924)398-9638"
426;"Eric";"Dean";"edeanbt@fda.gov";69;"86-(387)284-6881"
427;"Joe";"Reyes";"jreyesbu@is.gd";62;"1-(590)497-6369"
428;"Elizabeth";"Lewis";"elewisbv@hud.gov";59;"62-(600)144-8936"
429;"Joyce";"Washington";"jwashingtonbw@weebly.com";97;"46-(301)197-7011"
430;"Louis";"Ferguson";"lfergusonbx@woothemes.com";100;"1-(417)937-7138"
431;"Willie";"Bryant";"wbryantby@dmoz.org";53;"86-(268)701-8881"
432;"Rachel";"Schmidt";"rschmidtbz@mtv.com";6;"55-(447)890-3714"
433;"Amy";"Myers";"amyersc0@blogtalkradio.com";30;"55-(355)316-8876"
434;"Dennis";"Fields";"dfieldsc1@oakley.com";46;"51-(982)498-7971"
435;"Larry";"White";"lwhitec2@domainmarket.com";3;"7-(162)427-0148"
436;"Kevin";"Burke";"kburkec3@goo.ne.jp";95;"48-(366)163-0679"
437;"Sharon";"Nguyen";"snguyenc4@wordpress.com";14;"381-(741)909-4033"
438;"Louise";"Simmons";"lsimmonsc5@sbwire.com";92;"86-(535)718-8350"
439;"Sara";"Webb";"swebbc6@bloomberg.com";65;"30-(242)718-7196"
440;"Lori";"Franklin";"lfranklinc7@constantcontact.com";19;"86-(817)226-9816"
441;"Maria";"Olson";"molsonc8@ed.gov";48;"63-(326)884-3869"
442;"Phillip";"Perez";"pperezc9@squidoo.com";13;"48-(550)968-5774"
443;"Steve";"Wallace";"";0;""
444;"Frank";"Harris";"";0;""
445;"Beverly";"Ford";"bfordcc@illinois.edu";94;"27-(634)971-3663"
446;"Donald";"Garza";"dgarzacd@wsj.com";47;"86-(863)429-3763"
447;"Mildred";"Clark";"";0;""
448;"Kevin";"Hudson";"";0;""
449;"Andrew";"Hicks";"";0;""
450;"Marilyn";"Shaw";"mshawch@scientificamerican.com";5;"1-(631)186-8529"
451;"Steven";"Hayes";"shayesci@usnews.com";40;"46-(820)217-1324"
452;"Michael";"Hunt";"mhuntcj@ycombinator.com";46;"34-(507)223-7239"
453;"Shirley";"Hunter";"shunterck@spiegel.de";4;"86-(272)557-1719"
454;"Ruby";"Kennedy";"rkennedycl@baidu.com";71;"62-(794)255-0112"
455;"Peter";"Marshall";"pmarshallcm@dailymotion.com";12;"86-(246)559-8640"
456;"Patrick";"Harvey";"pharveycn@eepurl.com";39;"62-(476)549-0250"
457;"Jacqueline";"Carpenter";"jcarpenterco@wiley.com";111;"57-(335)984-4527"
458;"Maria";"Rivera";"mriveracp@amazon.co.uk";81;"86-(573)179-6336"
459;"Timothy";"Webb";"";0;""
460;"Kathryn";"Hernandez";"khernandezcr@ucoz.com";91;"227-(181)373-9870"
461;"Victor";"Marshall";"vmarshallcs@baidu.com";34;"353-(465)369-5364"
462;"Debra";"Armstrong";"darmstrongct@paypal.com";51;"84-(353)357-7538"
463;"Frank";"Wheeler";"fwheelercu@prlog.org";14;"62-(285)841-5337"
464;"Stephanie";"Wood";"swoodcv@taobao.com";102;"7-(889)751-1809"
465;"Melissa";"Rivera";"mriveracw@devhub.com";47;"55-(866)739-8224"
466;"Amanda";"Richardson";"arichardsoncx@shareasale.com";90;"212-(226)167-6028"
467;"Norma";"Armstrong";"narmstrongcy@google.fr";76;"503-(537)433-0520"
468;"Teresa";"Brown";"tbrowncz@ca.gov";50;"55-(556)542-5834"
469;"Raymond";"Franklin";"rfranklind0@newsvine.com";64;"55-(234)714-0187"
470;"Kenneth";"Alexander";"kalexanderd1@shareasale.com";66;"58-(732)113-1665"
471;"Joyce";"Wells";"jwellsd2@imdb.com";18;"7-(320)685-7983"
472;"Earl";"Allen";"eallend3@cisco.com";23;"351-(975)283-9107"
473;"Donald";"Williams";"dwilliamsd4@geocities.com";86;"381-(627)780-5613"
474;"Gregory";"Green";"ggreend5@homestead.com";117;"46-(829)937-0693"
475;"Virginia";"Duncan";"vduncand6@psu.edu";112;"62-(321)857-5416"
476;"Benjamin";"Cunningham";"bcunninghamd7@cafepress.com";115;"225-(381)804-4201"
477;"Lillian";"Carpenter";"lcarpenterd8@blogs.com";78;"63-(504)850-6647"
478;"Angela";"Andrews";"aandrewsd9@ed.gov";21;"7-(698)678-4756"
479;"Scott";"Jones";"sjonesda@sbwire.com";33;"55-(833)882-7391"
480;"Sandra";"Peterson";"spetersondb@ihg.com";50;"351-(116)173-5034"
481;"Frank";"Peterson";"fpetersondc@china.com.cn";8;"46-(498)619-3976"
482;"Carlos";"Carpenter";"ccarpenterdd@go.com";39;"81-(622)637-0869"
483;"Adam";"Sims";"asimsde@tmall.com";84;"372-(327)326-0388"
484;"Jimmy";"Franklin";"";0;""
485;"Marie";"Woods";"mwoodsdg@goo.gl";76;"263-(409)929-5414"
486;"Harry";"Day";"hdaydh@disqus.com";57;"232-(830)299-7059"
487;"Billy";"Sims";"bsimsdi@msu.edu";71;"967-(751)899-8266"
488;"Kathy";"Robertson";"krobertsondj@g.co";69;"86-(594)807-1723"
489;"Adam";"Moore";"";0;""
490;"Howard";"Phillips";"hphillipsdl@dedecms.com";34;"86-(927)519-2355"
491;"Dennis";"Hanson";"dhansondm@dot.gov";58;"54-(755)237-6965"
492;"Teresa";"Black";"tblackdn@about.me";116;"86-(255)838-2993"
493;"Marilyn";"Ruiz";"mruizdo@sciencedaily.com";119;"62-(332)769-6537"
494;"Angela";"Kelley";"akelleydp@fastcompany.com";2;"86-(479)944-7577"
495;"Jeffrey";"Hill";"jhilldq@sciencedaily.com";72;"86-(657)777-4474"
496;"Mark";"Henderson";"mhendersondr@myspace.com";44;"63-(836)849-5233"
497;"Carl";"Carr";"ccarrds@so-net.ne.jp";31;"33-(936)518-9277"
498;"Janet";"Hart";"jhartdt@delicious.com";85;"63-(858)787-6414"
499;"Teresa";"Grant";"";0;""
500;"Daniel";"Gutierrez";"dgutierrezdv@prlog.org";46;"52-(727)945-9025"
501;"David";"Andrews";"dandrewsdw@infoseek.co.jp";94;"351-(572)520-8396"
502;"Jeffrey";"Welch";"jwelchdx@163.com";40;"46-(465)372-6688"
503;"Andrea";"Watson";"awatsondy@wp.com";4;"62-(665)109-1735"
504;"Lois";"Warren";"lwarrendz@diigo.com";65;"86-(402)706-7011"
505;"Steve";"Patterson";"spattersone0@devhub.com";85;"86-(339)234-3058"
506;"Ashley";"Ross";"arosse1@xing.com";27;"86-(349)263-2628"
507;"Peter";"Graham";"pgrahame2@admin.ch";75;"7-(821)398-7750"
508;"Nicole";"Lopez";"nlopeze3@pen.io";60;"86-(979)193-4738"
509;"William";"Hunter";"whuntere4@netlog.com";79;"51-(254)886-0356"
510;"Gary";"Russell";"grusselle5@cdbaby.com";103;"47-(780)129-2738"
511;"Steve";"Boyd";"sboyde6@alibaba.com";79;"46-(162)450-2886"
512;"Heather";"Johnston";"";0;""
513;"Anne";"Ortiz";"aortize8@nps.gov";109;"63-(413)476-9174"
514;"Louise";"Ryan";"lryane9@cocolog-nifty.com";54;"33-(830)810-2994"
515;"Arthur";"Chapman";"achapmanea@hostgator.com";2;"63-(753)160-8137"
516;"Lisa";"Roberts";"lrobertseb@ocn.ne.jp";118;"62-(588)225-4816"
517;"Douglas";"Davis";"ddavisec@github.com";28;"55-(943)616-0416"
518;"Tammy";"Dunn";"tdunned@exblog.jp";78;"7-(480)106-8008"
519;"Judy";"Stewart";"jstewartee@pcworld.com";68;"994-(446)658-4464"
520;"Louise";"Ramos";"lramosef@noaa.gov";28;"86-(915)305-7492"
521;"Bonnie";"Turner";"bturnereg@nature.com";93;"385-(948)379-3109"
522;"Jacqueline";"Mills";"jmillseh@apple.com";29;"84-(259)646-8791"
523;"Barbara";"Clark";"bclarkei@sbwire.com";45;"86-(684)180-8186"
524;"Martin";"Rogers";"mrogersej@slate.com";4;"63-(134)477-1500"
525;"Lisa";"Morgan";"lmorganek@qq.com";10;"1-(530)681-5062"
526;"Melissa";"Mills";"mmillsel@discovery.com";9;"51-(906)352-7440"
527;"Jerry";"Allen";"";0;""
528;"Rebecca";"Watkins";"rwatkinsen@psu.edu";4;"48-(669)286-6105"
529;"Terry";"Brooks";"tbrookseo@sun.com";94;"265-(101)358-8194"
530;"Randy";"Alvarez";"ralvarezep@cdc.gov";69;"86-(117)125-5210"
531;"Sharon";"Mccoy";"smccoyeq@baidu.com";118;"62-(900)875-1088"
532;"Diana";"Larson";"dlarsoner@typepad.com";29;"502-(604)889-9557"
533;"Douglas";"Ramos";"dramoses@lulu.com";71;"86-(449)868-0897"
534;"Donald";"Shaw";"dshawet@soundcloud.com";19;"389-(139)331-7216"
535;"Teresa";"Robinson";"trobinsoneu@cornell.edu";120;"240-(969)793-0196"
536;"Todd";"Gonzales";"tgonzalesev@wikimedia.org";54;"86-(557)969-4467"
537;"Shawn";"Castillo";"scastilloew@bloomberg.com";62;"86-(549)350-8120"
538;"Terry";"Henry";"thenryex@buzzfeed.com";103;"51-(826)647-8703"
539;"Thomas";"Mcdonald";"tmcdonaldey@europa.eu";44;"86-(176)164-9413"
540;"Sarah";"Allen";"sallenez@reddit.com";24;"1-(885)388-9061"
541;"Joe";"Brooks";"jbrooksf0@irs.gov";106;"62-(136)253-1168"
542;"Douglas";"Olson";"dolsonf1@ovh.net";91;"63-(217)409-0300"
543;"Mark";"Phillips";"mphillipsf2@miibeian.gov.cn";5;"351-(810)438-7767"
544;"Nicholas";"Lane";"nlanef3@amazon.co.jp";111;"86-(651)195-6341"
545;"Jeremy";"Henderson";"jhendersonf4@tumblr.com";4;"63-(626)105-0139"
546;"Jacqueline";"Gray";"jgrayf5@unblog.fr";42;"249-(442)294-3764"
547;"Steve";"Schmidt";"sschmidtf6@msn.com";42;"27-(768)102-7202"
548;"Irene";"Stevens";"istevensf7@edublogs.org";57;"54-(118)761-8868"
549;"Michael";"Spencer";"mspencerf8@linkedin.com";41;"61-(888)171-5320"
550;"Kathryn";"Thomas";"";0;""
551;"Phillip";"Harris";"pharrisfa@va.gov";86;"86-(936)302-6371"
552;"Christopher";"Green";"cgreenfb@sphinn.com";120;"62-(323)368-4806"
553;"Debra";"Bell";"dbellfc@photobucket.com";25;"233-(518)964-7856"
554;"Antonio";"Butler";"abutlerfd@vkontakte.ru";100;"64-(434)409-9705"
555;"Thomas";"Wallace";"twallacefe@narod.ru";58;"86-(900)119-8968"
556;"Laura";"Thomas";"lthomasff@addthis.com";83;"81-(910)917-8754"
557;"Tina";"Lawson";"tlawsonfg@jimdo.com";89;"1-(989)542-0687"
558;"Kathryn";"Carr";"kcarrfh@prlog.org";78;"54-(667)966-2337"
559;"Julia";"Perkins";"jperkinsfi@networkadvertising.org";55;"86-(328)853-2798"
560;"Rachel";"Edwards";"redwardsfj@ucoz.com";50;"1-(422)126-5135"
561;"Eugene";"Henry";"ehenryfk@nydailynews.com";27;"57-(218)781-4031"
562;"Lillian";"Boyd";"lboydfl@delicious.com";73;"86-(356)731-1302"
563;"Stephanie";"Wright";"swrightfm@purevolume.com";70;"420-(312)457-8301"
564;"Lois";"Hudson";"lhudsonfn@hubpages.com";89;"63-(245)848-3974"
565;"Howard";"Bowman";"hbowmanfo@cyberchimps.com";87;"1-(850)401-2516"
566;"Tammy";"Turner";"tturnerfp@oakley.com";84;"7-(971)782-3577"
567;"Timothy";"Sanchez";"";0;""
568;"Raymond";"Henderson";"rhendersonfr@phoca.cz";52;"86-(478)778-9448"
569;"Dorothy";"Hansen";"dhansenfs@admin.ch";19;"387-(369)342-6081"
570;"Martha";"Burns";"mburnsft@rakuten.co.jp";21;"351-(555)266-0751"
571;"Rose";"Lewis";"rlewisfu@hubpages.com";104;"62-(615)912-8552"
572;"Laura";"Bryant";"lbryantfv@abc.net.au";59;"351-(816)685-7413"
573;"Pamela";"Vasquez";"pvasquezfw@prnewswire.com";10;"63-(559)145-3406"
574;"Eric";"Carroll";"ecarrollfx@fotki.com";12;"62-(580)993-4952"
575;"Alice";"Perez";"aperezfy@list-manage.com";58;"54-(357)923-4205"
576;"Anthony";"Lawrence";"alawrencefz@fda.gov";52;"1-(338)809-2578"
577;"Ryan";"Ray";"rrayg0@g.co";95;"86-(275)172-4169"
578;"Dennis";"Cook";"dcookg1@digg.com";51;"55-(648)600-5369"
579;"Mary";"Owens";"mowensg2@yale.edu";64;"1-(784)189-2530"
580;"Wayne";"Johnson";"";0;""
581;"Alan";"Russell";"arussellg4@wufoo.com";111;"86-(265)756-1260"
582;"Douglas";"Diaz";"ddiazg5@biblegateway.com";119;"86-(634)256-1740"
583;"Lois";"Rice";"";0;""
584;"Robert";"Cox";"rcoxg7@prweb.com";93;"86-(241)719-8739"
585;"Eugene";"Murphy";"";0;""
586;"Fred";"Wood";"fwoodg9@uol.com.br";79;"351-(631)495-8364"
587;"Craig";"Harris";"charrisga@ca.gov";82;"54-(964)149-2223"
588;"Joe";"Dunn";"jdunngb@marketwatch.com";95;"62-(415)598-8898"
589;"Ashley";"Carter";"acartergc@cnn.com";77;"30-(642)102-4627"
590;"Harry";"Palmer";"hpalmergd@oaic.gov.au";100;"1-(813)270-4431"
591;"Patrick";"Henderson";"phendersonge@apache.org";91;"86-(722)919-7794"
592;"Melissa";"Moreno";"mmorenogf@wsj.com";13;"7-(413)457-0978"
593;"Jeffrey";"Kelly";"jkellygg@bizjournals.com";70;"374-(342)979-8437"
594;"Sarah";"Perry";"sperrygh@redcross.org";50;"1-(850)163-3753"
595;"Ryan";"Lynch";"";0;""
596;"Peter";"Hawkins";"phawkinsgj@blogspot.com";108;"675-(498)169-8228"
597;"Chris";"Sullivan";"csullivangk@tmall.com";101;"33-(229)179-5047"
598;"Donna";"Carpenter";"dcarpentergl@house.gov";50;"216-(376)273-8098"
599;"Kevin";"Roberts";"krobertsgm@rediff.com";64;"55-(197)568-6613"
600;"Kathy";"Marshall";"kmarshallgn@yellowpages.com";86;"86-(499)145-2899"
601;"Matthew";"Foster";"mfostergo@unesco.org";31;"55-(420)584-4139"
602;"Fred";"Hughes";"fhughesgp@ibm.com";67;"7-(507)641-6197"
603;"Steven";"Hughes";"shughesgq@latimes.com";35;"7-(503)353-9765"
604;"Bobby";"Brown";"";0;""
605;"Patricia";"Welch";"pwelchgs@nymag.com";72;"7-(470)559-7442"
606;"Brenda";"Washington";"bwashingtongt@163.com";111;"1-(203)940-4142"
607;"Bruce";"Long";"blonggu@mozilla.com";84;"963-(265)633-3857"
608;"Harry";"Chapman";"hchapmangv@sourceforge.net";92;"46-(185)752-1039"
609;"Kevin";"Carr";"kcarrgw@archive.org";88;"54-(317)970-9672"
610;"George";"Lawrence";"glawrencegx@home.pl";12;"86-(926)353-7894"
611;"Jimmy";"Harvey";"jharveygy@exblog.jp";87;"351-(943)524-4600"
612;"Alice";"Green";"agreengz@pbs.org";31;"33-(762)438-3812"
613;"Wanda";"Cunningham";"";0;""
614;"Russell";"Bennett";"rbennetth1@wunderground.com";85;"48-(468)813-2816"
615;"Laura";"Harper";"lharperh2@google.ca";28;"1-(860)431-7996"
616;"Susan";"Reyes";"sreyesh3@ameblo.jp";42;"86-(309)137-2785"
617;"Eric";"Fernandez";"";0;""
618;"Scott";"Watkins";"swatkinsh5@mit.edu";109;"86-(484)734-8143"
619;"Harold";"West";"hwesth6@networksolutions.com";10;"46-(299)394-9267"
620;"Katherine";"Bryant";"";0;""
621;"Marilyn";"Hudson";"mhudsonh8@pcworld.com";60;"503-(971)620-4563"
622;"Roy";"Thompson";"rthompsonh9@sphinn.com";35;"359-(762)453-1846"
623;"Douglas";"Wright";"dwrightha@dagondesign.com";108;"86-(629)143-2853"
624;"Lois";"Sullivan";"lsullivanhb@free.fr";39;"55-(156)124-1348"
625;"Christine";"Elliott";"celliotthc@bbb.org";42;"52-(788)463-5209"
626;"Michelle";"Hall";"mhallhd@businessweek.com";87;"963-(685)100-8957"
627;"Diane";"Day";"ddayhe@ca.gov";15;"31-(865)292-7295"
628;"Amy";"Stewart";"astewarthf@4shared.com";11;"507-(141)936-4717"
629;"Jean";"Ryan";"jryanhg@apple.com";107;"55-(887)114-3387"
630;"Michelle";"Cooper";"mcooperhh@pbs.org";101;"48-(751)762-4527"
631;"Joan";"Spencer";"jspencerhi@surveymonkey.com";3;"62-(783)370-0925"
632;"Jesse";"Elliott";"jelliotthj@hostgator.com";81;"62-(735)327-7871"
633;"Janice";"Thompson";"jthompsonhk@tripod.com";113;"7-(501)408-4187"
634;"Brenda";"Austin";"baustinhl@squarespace.com";29;"86-(837)244-9943"
635;"Victor";"Ortiz";"vortizhm@qq.com";16;"86-(676)921-0670"
636;"Frances";"Wallace";"fwallacehn@ed.gov";67;"63-(590)185-5872"
637;"Louise";"Morgan";"lmorganho@uiuc.edu";35;"30-(627)814-5406"
638;"Thomas";"Armstrong";"tarmstronghp@skyrock.com";93;"86-(534)150-1434"
639;"Timothy";"Phillips";"tphillipshq@blinklist.com";66;"33-(806)392-3572"
640;"Clarence";"Washington";"cwashingtonhr@addtoany.com";81;"57-(462)308-3556"
641;"Heather";"Patterson";"hpattersonhs@fda.gov";22;"7-(742)151-4611"
642;"Susan";"Torres";"storresht@webs.com";32;"98-(620)986-0988"
643;"Kevin";"Campbell";"kcampbellhu@cbsnews.com";88;"86-(218)127-3054"
644;"John";"Walker";"jwalkerhv@creativecommons.org";75;"353-(394)376-7271"
645;"Antonio";"Warren";"awarrenhw@nymag.com";50;"7-(878)926-9398"
646;"Kathryn";"Williamson";"kwilliamsonhx@gizmodo.com";86;"7-(666)732-4393"
647;"Justin";"Palmer";"jpalmerhy@storify.com";72;"226-(167)184-2243"
648;"Ernest";"Robinson";"erobinsonhz@google.com.au";10;"84-(735)877-8934"
649;"Adam";"Perkins";"aperkinsi0@nih.gov";11;"86-(117)323-3426"
650;"Alan";"Stone";"astonei1@chron.com";37;"86-(780)689-8933"
651;"Gloria";"Carroll";"gcarrolli2@marriott.com";64;"84-(776)518-8445"
652;"Jimmy";"Mills";"jmillsi3@linkedin.com";15;"86-(118)672-2637"
653;"Carol";"Burke";"cburkei4@zimbio.com";58;"351-(569)286-9154"
654;"Kathleen";"Carpenter";"kcarpenteri5@pen.io";64;"212-(705)693-9223"
655;"Bruce";"Allen";"balleni6@imdb.com";37;"86-(433)673-7617"
656;"Sean";"Turner";"sturneri7@sbwire.com";90;"92-(617)325-8958"
657;"Terry";"Rivera";"triverai8@shop-pro.jp";88;"86-(857)140-3112"
658;"Gary";"Gomez";"ggomezi9@xing.com";116;"351-(328)867-0429"
659;"Maria";"Gomez";"mgomezia@flavors.me";48;"1-(571)306-8847"
660;"Juan";"Harper";"jharperib@facebook.com";97;"420-(815)647-6547"
661;"Todd";"Ryan";"";0;""
662;"Jeremy";"Garcia";"jgarciaid@example.com";85;"86-(908)643-4368"
663;"Bobby";"Austin";"baustinie@state.gov";106;"86-(874)591-4255"
664;"Ruby";"Knight";"rknightif@naver.com";98;"62-(306)743-3271"
665;"Billy";"Harrison";"bharrisonig@sohu.com";29;"86-(744)392-4771"
666;"Joyce";"Fox";"jfoxih@list-manage.com";67;"1-(410)951-6279"
667;"Donna";"Stone";"dstoneii@sciencedaily.com";22;"351-(870)149-3633"
668;"Philip";"Lewis";"plewisij@miibeian.gov.cn";53;"55-(196)258-7058"
669;"Debra";"Rivera";"";0;""
670;"Louise";"Wilson";"lwilsonil@bloglovin.com";69;"86-(388)830-6117"
671;"Peter";"Johnston";"pjohnstonim@usda.gov";73;"86-(464)137-9071"
672;"Mildred";"Taylor";"mtaylorin@github.io";53;"98-(118)684-3965"
673;"Carl";"Kelley";"ckelleyio@pinterest.com";88;"977-(417)500-6859"
674;"Walter";"Gordon";"wgordonip@paginegialle.it";17;"591-(776)419-3227"
675;"Sandra";"Jenkins";"sjenkinsiq@msu.edu";74;"33-(753)539-1459"
676;"Wayne";"Gray";"wgrayir@plala.or.jp";45;"86-(604)739-8110"
677;"Roger";"Roberts";"rrobertsis@uiuc.edu";93;"66-(967)499-9617"
678;"Chris";"Perkins";"cperkinsit@list-manage.com";120;"86-(290)907-7160"
679;"Carl";"Patterson";"cpattersoniu@bloglines.com";23;"62-(782)757-0374"
680;"Ruth";"Turner";"rturneriv@wikimedia.org";7;"33-(489)552-3894"
681;"Mary";"Griffin";"mgriffiniw@patch.com";17;"55-(636)634-5183"
682;"Gregory";"Olson";"golsonix@stumbleupon.com";7;"7-(204)390-8913"
683;"Brian";"Fowler";"bfowleriy@auda.org.au";22;"7-(186)562-2657"
684;"Walter";"Wagner";"wwagneriz@usda.gov";76;"62-(701)324-7631"
685;"Alice";"Ruiz";"aruizj0@cbc.ca";44;"55-(885)994-9492"
686;"Keith";"Robertson";"krobertsonj1@unesco.org";84;"63-(596)678-9858"
687;"Justin";"Bradley";"jbradleyj2@uiuc.edu";40;"63-(258)372-5918"
688;"Jean";"Reid";"jreidj3@desdev.cn";92;"63-(225)466-0635"
689;"Randy";"Murphy";"rmurphyj4@baidu.com";21;"48-(812)254-4150"
690;"Edward";"Taylor";"etaylorj5@php.net";22;"62-(642)821-8895"
691;"Judy";"Larson";"";0;""
692;"Rose";"Young";"ryoungj7@jigsy.com";117;"54-(359)539-1160"
693;"Virginia";"Watkins";"vwatkinsj8@walmart.com";94;"62-(645)700-0753"
694;"Benjamin";"Phillips";"bphillipsj9@mashable.com";44;"230-(511)638-6402"
695;"Joan";"Harper";"jharperja@si.edu";96;"62-(254)143-1687"
696;"Thomas";"Burke";"";0;""
697;"Brandon";"Garza";"bgarzajc@wired.com";68;"62-(241)195-8522"
698;"Anne";"Hamilton";"ahamiltonjd@goodreads.com";4;"48-(274)925-0022"
699;"Linda";"Morales";"lmoralesje@walmart.com";67;"86-(941)813-1134"
700;"Jerry";"Gordon";"jgordonjf@unc.edu";94;"30-(697)221-5092"
701;"Robin";"Harvey";"rharveyjg@elegantthemes.com";32;"7-(221)564-2087"
702;"Heather";"Cox";"hcoxjh@pen.io";44;"351-(644)297-4325"
703;"Carl";"Jackson";"cjacksonji@yale.edu";114;"54-(452)906-4272"
704;"Jessica";"Stanley";"jstanleyjj@unesco.org";27;"66-(148)403-8524"
705;"Diane";"Bailey";"";0;""
706;"Laura";"Grant";"lgrantjl@wp.com";44;"86-(343)958-1994"
707;"Doris";"Carroll";"";0;""
708;"Linda";"Jones";"ljonesjn@google.nl";103;"30-(303)670-3831"
709;"Doris";"Hart";"dhartjo@cdbaby.com";81;"351-(665)902-3247"
710;"Lisa";"Anderson";"landersonjp@rakuten.co.jp";118;"380-(169)378-3972"
711;"Jesse";"Dunn";"";0;""
712;"Adam";"Nichols";"anicholsjr@spotify.com";71;"86-(198)593-6978"
713;"Nicole";"Welch";"nwelchjs@kickstarter.com";40;"86-(981)507-2183"
714;"Daniel";"Spencer";"dspencerjt@theguardian.com";57;"30-(857)774-1732"
715;"Dorothy";"Arnold";"darnoldju@si.edu";105;"81-(938)753-1844"
716;"Lori";"Martin";"lmartinjv@npr.org";13;"55-(232)970-9882"
717;"Todd";"Black";"tblackjw@shinystat.com";67;"86-(941)359-5975"
718;"Diana";"Porter";"dporterjx@comsenz.com";37;"46-(754)919-7326"
719;"James";"Stephens";"jstephensjy@mashable.com";27;"241-(840)206-4133"
720;"Douglas";"Jones";"djonesjz@state.gov";111;"86-(560)234-0158"
721;"Joe";"Duncan";"";0;""
722;"Cheryl";"Kelley";"ckelleyk1@aboutads.info";52;"55-(234)116-8238"
723;"Matthew";"Bennett";"mbennettk2@mail.ru";35;"590-(977)887-9272"
724;"Frank";"Andrews";"fandrewsk3@lycos.com";21;"504-(562)240-3283"
725;"Brenda";"Shaw";"bshawk4@geocities.com";8;"46-(617)447-3601"
726;"Patrick";"Oliver";"poliverk5@eventbrite.com";89;"1-(910)958-5666"
727;"Diana";"Anderson";"dandersonk6@barnesandnoble.com";54;"66-(955)557-3201"
728;"Jeremy";"Gray";"jgrayk7@mediafire.com";53;"92-(696)394-4985"
729;"Aaron";"Freeman";"afreemank8@auda.org.au";36;"86-(987)240-1625"
730;"Willie";"Hanson";"whansonk9@sohu.com";80;"420-(115)679-8340"
731;"Emily";"Roberts";"erobertska@tamu.edu";117;"33-(430)530-6678"
732;"George";"Price";"gpricekb@redcross.org";78;"81-(770)264-7286"
733;"Sandra";"Hayes";"shayeskc@usgs.gov";80;"51-(689)358-3409"
734;"Patrick";"Bell";"pbellkd@hibu.com";34;"63-(239)998-3200"
735;"Anne";"Cooper";"acooperke@fema.gov";105;"46-(478)539-6891"
736;"Larry";"Flores";"lfloreskf@cam.ac.uk";38;"389-(158)583-0625"
737;"Justin";"Dean";"jdeankg@elegantthemes.com";54;"33-(619)849-7198"
738;"John";"West";"jwestkh@independent.co.uk";55;"351-(510)354-6587"
739;"Judy";"Patterson";"";0;""
740;"Mildred";"Gray";"mgraykj@about.com";22;"353-(301)549-6899"
741;"Jonathan";"Daniels";"jdanielskk@jiathis.com";27;"389-(351)196-3173"
742;"Annie";"Bishop";"abishopkl@deliciousdays.com";109;"33-(407)492-8409"
743;"Irene";"Snyder";"isnyderkm@nasa.gov";85;"46-(835)378-8535"
744;"Shawn";"Young";"syoungkn@pen.io";43;"386-(165)125-8000"
745;"James";"Gibson";"jgibsonko@weather.com";77;"86-(337)599-1970"
746;"Carl";"Garcia";"cgarciakp@ustream.tv";90;"55-(689)506-4026"
747;"Pamela";"Hill";"phillkq@theatlantic.com";43;"7-(933)494-0362"
748;"Judy";"Stewart";"";0;""
749;"Jeffrey";"Morrison";"jmorrisonks@zimbio.com";33;"92-(936)526-2245"
750;"Martin";"Jacobs";"mjacobskt@princeton.edu";65;"55-(987)400-6477"
751;"John";"Meyer";"jmeyerku@springer.com";85;"351-(165)645-3447"
752;"Rachel";"Washington";"";0;""
753;"Rebecca";"Gordon";"";0;""
754;"Melissa";"Moore";"mmoorekx@tripadvisor.com";38;"27-(311)976-1052"
755;"Rose";"Lopez";"rlopezky@prnewswire.com";75;"7-(616)230-6996"
756;"Jesse";"Reynolds";"jreynoldskz@baidu.com";85;"48-(515)217-8659"
757;"Todd";"Elliott";"telliottl0@nature.com";39;"39-(410)901-6757"
758;"Matthew";"Foster";"mfosterl1@hostgator.com";55;"63-(884)221-9970"
759;"Alan";"Gonzalez";"agonzalezl2@japanpost.jp";59;"51-(920)263-0891"
760;"Scott";"Wood";"swoodl3@redcross.org";91;"66-(923)265-6499"
761;"Arthur";"Perry";"aperryl4@yellowbook.com";1;"55-(691)283-4419"
762;"Phillip";"Green";"pgreenl5@guardian.co.uk";113;"967-(131)288-5792"
763;"Sarah";"Richardson";"srichardsonl6@youtu.be";83;"33-(964)203-2533"
764;"John";"Nichols";"jnicholsl7@census.gov";38;"86-(107)531-5581"
765;"Christopher";"Larson";"clarsonl8@imgur.com";16;"351-(961)616-3830"
766;"Marie";"Hunt";"mhuntl9@disqus.com";99;"62-(704)975-9984"
767;"Brandon";"Lynch";"";0;""
768;"Sandra";"Brooks";"sbrookslb@nydailynews.com";15;"39-(669)322-0637"
769;"Debra";"Miller";"dmillerlc@tmall.com";112;"1-(515)547-4447"
770;"Janet";"Hayes";"jhayesld@scribd.com";74;"62-(563)389-8822"
771;"Randy";"King";"rkingle@gravatar.com";118;"352-(661)728-5605"
772;"Clarence";"Stone";"cstonelf@jiathis.com";48;"351-(770)102-6093"
773;"Pamela";"Wallace";"pwallacelg@huffingtonpost.com";46;"53-(339)414-2101"
774;"Louise";"Holmes";"lholmeslh@blogger.com";57;"66-(193)715-2280"
775;"Rose";"Kim";"rkimli@phoca.cz";18;"86-(798)405-0081"
776;"Beverly";"Ferguson";"bfergusonlj@cargocollective.com";32;"86-(926)171-2804"
777;"Helen";"Lane";"hlanelk@facebook.com";90;"52-(609)128-6093"
778;"Sharon";"Roberts";"srobertsll@cnn.com";91;"33-(840)513-7714"
779;"Mary";"Mills";"mmillslm@chron.com";7;"86-(673)668-0254"
780;"Diana";"Duncan";"dduncanln@reddit.com";95;"93-(698)897-0847"
781;"Kathryn";"Shaw";"kshawlo@netvibes.com";57;"254-(520)564-9007"
782;"Sara";"Nguyen";"snguyenlp@odnoklassniki.ru";17;"358-(800)636-7468"
783;"Lois";"Richards";"lrichardslq@paginegialle.it";47;"92-(248)867-5801"
784;"Gregory";"Mccoy";"gmccoylr@wufoo.com";85;"63-(748)815-0116"
785;"Judith";"Austin";"jaustinls@tripadvisor.com";21;"84-(557)127-3764"
786;"Denise";"Marshall";"dmarshalllt@vk.com";92;"62-(321)156-1820"
787;"Ralph";"Jacobs";"rjacobslu@wsj.com";35;"86-(711)920-1603"
788;"Tina";"Gilbert";"tgilbertlv@cnn.com";78;"86-(498)495-0577"
789;"Deborah";"Howell";"dhowelllw@marketwatch.com";93;"353-(528)307-0976"
790;"Philip";"Rogers";"progerslx@diigo.com";73;"502-(961)547-4776"
791;"Janice";"Gonzalez";"jgonzalezly@tamu.edu";10;"7-(520)762-0205"
792;"Anthony";"Edwards";"aedwardslz@columbia.edu";101;"351-(503)976-3437"
793;"Henry";"Elliott";"helliottm0@home.pl";104;"60-(839)253-9345"
794;"Christina";"Nguyen";"cnguyenm1@sbwire.com";73;"58-(751)124-1485"
795;"Tammy";"Hunter";"thunterm2@howstuffworks.com";118;"7-(505)465-2310"
796;"Adam";"Chavez";"achavezm3@google.com.br";90;"84-(923)508-6826"
797;"Jeremy";"Hansen";"";0;""
798;"Henry";"Gonzales";"hgonzalesm5@msu.edu";48;"62-(719)413-2245"
799;"Stephanie";"Garza";"sgarzam6@rambler.ru";52;"86-(877)407-1461"
800;"Frank";"Robertson";"frobertsonm7@wsj.com";52;"234-(233)772-3922"
801;"Roger";"Baker";"rbakerm8@miibeian.gov.cn";75;"86-(996)776-9588"
802;"Terry";"Palmer";"tpalmerm9@blog.com";42;"1-(713)474-1699"
803;"Ashley";"Cox";"acoxma@jugem.jp";93;"86-(827)562-0293"
804;"Walter";"Kelley";"wkelleymb@msn.com";51;"86-(396)119-9551"
805;"Irene";"Rogers";"irogersmc@hao123.com";21;"86-(755)517-1297"
806;"Anne";"Gutierrez";"agutierrezmd@illinois.edu";42;"63-(971)796-4162"
807;"Clarence";"Kelly";"ckellyme@japanpost.jp";4;"86-(778)588-6192"
808;"Paul";"Wilson";"";0;""
809;"Jack";"Carpenter";"jcarpentermg@phoca.cz";5;"86-(959)963-7865"
810;"Jason";"Roberts";"jrobertsmh@bbb.org";106;"46-(482)279-5831"
811;"Roy";"Rogers";"rrogersmi@nasa.gov";18;"86-(249)892-5157"
812;"Margaret";"Cruz";"mcruzmj@ucoz.com";29;"33-(488)883-5265"
813;"Ronald";"Simpson";"rsimpsonmk@lycos.com";79;"7-(855)464-0026"
814;"Virginia";"West";"vwestml@bbb.org";105;"358-(554)336-7390"
815;"Lois";"Wilson";"lwilsonmm@gov.uk";35;"55-(177)650-7584"
816;"Craig";"Hernandez";"chernandezmn@dropbox.com";117;"7-(989)244-8874"
817;"Ruby";"Wright";"rwrightmo@prweb.com";79;"86-(145)615-5941"
818;"Kevin";"Carpenter";"kcarpentermp@miitbeian.gov.cn";50;"62-(628)865-2119"
819;"Mildred";"Peterson";"mpetersonmq@xrea.com";37;"86-(729)649-1656"
820;"Karen";"Price";"kpricemr@freewebs.com";38;"20-(842)520-9453"
821;"David";"Sullivan";"dsullivanms@linkedin.com";29;"86-(881)734-1579"
822;"Russell";"Griffin";"rgriffinmt@amazon.de";116;"86-(798)664-4460"
823;"Wanda";"Fowler";"wfowlermu@over-blog.com";107;"380-(676)664-5022"
824;"Juan";"Frazier";"jfraziermv@tiny.cc";41;"380-(216)367-1051"
825;"Albert";"Franklin";"afranklinmw@amazon.com";54;"226-(734)274-8910"
826;"Katherine";"Little";"klittlemx@freewebs.com";53;"234-(605)312-6160"
827;"Heather";"Grant";"hgrantmy@acquirethisname.com";95;"591-(641)632-3943"
828;"Gloria";"Sullivan";"";0;""
829;"Russell";"Watson";"rwatsonn0@hc360.com";102;"48-(740)848-0221"
830;"Donald";"Medina";"dmedinan1@statcounter.com";62;"380-(837)249-3194"
831;"Beverly";"Crawford";"bcrawfordn2@technorati.com";53;"1-(862)254-1635"
832;"Donald";"Wheeler";"dwheelern3@about.com";64;"32-(951)487-8784"
833;"Jose";"Fernandez";"jfernandezn4@usda.gov";81;"63-(327)374-8257"
834;"Jerry";"Ryan";"jryann5@nhs.uk";63;"353-(913)885-5090"
835;"Jessica";"Martinez";"jmartinezn6@tiny.cc";114;"86-(996)515-3369"
836;"Kevin";"Martin";"kmartinn7@usatoday.com";4;"48-(576)633-0517"
837;"Jeffrey";"Gutierrez";"jgutierrezn8@mayoclinic.com";28;"86-(748)228-9690"
838;"Gregory";"Hayes";"";0;""
839;"Keith";"Kelley";"kkelleyna@printfriendly.com";23;"242-(236)186-9245"
840;"Walter";"Washington";"wwashingtonnb@hhs.gov";2;"48-(323)560-2395"
841;"Harold";"Carroll";"";0;""
842;"Wanda";"Porter";"wporternd@blogger.com";13;"7-(451)487-9462"
843;"Michael";"Robertson";"mrobertsonne@google.cn";118;"63-(474)272-4576"
844;"Bobby";"Wright";"bwrightnf@smugmug.com";3;"63-(867)418-6076"
845;"Bobby";"Perry";"bperryng@wikimedia.org";8;"36-(295)426-4917"
846;"Donald";"Nelson";"dnelsonnh@accuweather.com";113;"86-(961)130-3791"
847;"Annie";"Lawrence";"alawrenceni@wufoo.com";37;"351-(184)908-7023"
848;"Bonnie";"Bradley";"";0;""
849;"Anne";"Phillips";"aphillipsnk@addthis.com";50;"420-(968)798-7431"
850;"Shirley";"Walker";"swalkernl@paginegialle.it";68;"86-(517)826-4309"
851;"Bonnie";"Perkins";"bperkinsnm@lycos.com";16;"261-(162)549-0083"
852;"Lisa";"Hanson";"lhansonnn@nytimes.com";69;"995-(131)858-5763"
853;"Katherine";"Riley";"krileyno@telegraph.co.uk";10;"51-(201)282-7181"
854;"Cheryl";"Taylor";"";0;""
855;"Rose";"Mills";"rmillsnq@miibeian.gov.cn";111;"62-(991)601-8662"
856;"Cynthia";"Simpson";"csimpsonnr@sohu.com";73;"44-(104)925-4178"
857;"Harold";"Long";"hlongns@webmd.com";117;"86-(435)307-3665"
858;"Anna";"Ellis";"";0;""
859;"Roy";"Gilbert";"rgilbertnu@ed.gov";16;"36-(812)973-4895"
860;"Gloria";"Murphy";"gmurphynv@wikispaces.com";58;"33-(654)605-6877"
861;"Joyce";"Daniels";"jdanielsnw@intel.com";67;"62-(886)270-7141"
862;"Jennifer";"Shaw";"jshawnx@fda.gov";51;"33-(193)197-1592"
863;"Gerald";"Weaver";"gweaverny@squidoo.com";46;"355-(775)890-7766"
864;"Jesse";"Fowler";"jfowlernz@symantec.com";114;"48-(647)823-2031"
865;"Norma";"Campbell";"ncampbello0@nytimes.com";107;"86-(938)224-9529"
866;"Sandra";"Peterson";"spetersono1@behance.net";49;"967-(847)606-6243"
867;"Sharon";"Morales";"smoraleso2@delicious.com";68;"86-(570)615-8830"
868;"Julia";"West";"";0;""
869;"Andrew";"Graham";"agrahamo4@dmoz.org";115;"7-(861)359-4010"
870;"Larry";"Coleman";"lcolemano5@people.com.cn";61;"95-(639)129-8015"
871;"Randy";"Powell";"rpowello6@prweb.com";57;"86-(411)924-4229"
872;"Rose";"Simpson";"rsimpsono7@icio.us";32;"255-(901)623-0851"
873;"Carolyn";"Cunningham";"ccunninghamo8@census.gov";89;"249-(478)219-6173"
874;"Diane";"Hanson";"dhansono9@java.com";59;"967-(433)644-9392"
875;"Carl";"Rivera";"criveraoa@skyrock.com";112;"86-(551)785-8760"
876;"Maria";"Miller";"mmillerob@gmpg.org";46;"62-(750)458-2690"
877;"Sandra";"Rogers";"srogersoc@ycombinator.com";70;"371-(420)319-4661"
878;"Willie";"Richardson";"wrichardsonod@un.org";55;"267-(665)242-2153"
879;"Frank";"James";"fjamesoe@theglobeandmail.com";11;"62-(117)517-0646"
880;"Antonio";"Howell";"ahowellof@dot.gov";82;"54-(924)572-0566"
881;"Carl";"Wood";"cwoodog@unc.edu";56;"7-(631)935-4857"
882;"Cheryl";"Webb";"cwebboh@seesaa.net";38;"62-(577)679-8949"
883;"Patrick";"Greene";"";0;""
884;"Carolyn";"Franklin";"cfranklinoj@creativecommons.org";103;"81-(780)715-5922"
885;"Juan";"West";"jwestok@arstechnica.com";41;"1-(215)341-9704"
886;"Judith";"Hart";"jhartol@shinystat.com";45;"62-(843)147-3710"
887;"Russell";"Robinson";"rrobinsonom@ehow.com";44;"62-(419)672-5456"
888;"Timothy";"Wheeler";"";0;""
889;"Billy";"Bennett";"bbennettoo@google.ru";46;"86-(907)919-6700"
890;"Paula";"Ferguson";"pfergusonop@ihg.com";35;"963-(423)670-6894"
891;"Judy";"Edwards";"jedwardsoq@imdb.com";27;"55-(732)110-7308"
892;"Kelly";"Gutierrez";"kgutierrezor@cnbc.com";117;"48-(550)799-1963"
893;"Lisa";"Hudson";"lhudsonos@constantcontact.com";25;"54-(524)545-7760"
894;"Ronald";"Simpson";"rsimpsonot@harvard.edu";42;"86-(628)445-0115"
895;"Kathleen";"Green";"kgreenou@google.it";100;"27-(965)846-4992"
896;"Judith";"Gordon";"jgordonov@rambler.ru";72;"86-(477)869-5421"
897;"Kelly";"Hayes";"khayesow@cafepress.com";16;"82-(919)221-4555"
898;"Betty";"Crawford";"bcrawfordox@github.io";60;"95-(465)686-6743"
899;"Betty";"Sanders";"bsandersoy@twitter.com";70;"7-(770)691-9963"
900;"Sharon";"Gutierrez";"sgutierrezoz@slideshare.net";63;"48-(811)647-7105"
901;"Anthony";"Nichols";"anicholsp0@time.com";51;"856-(499)501-9755"
902;"Thomas";"Ross";"trossp1@house.gov";12;"86-(357)991-7261"
903;"Ruth";"Mcdonald";"rmcdonaldp2@businessweek.com";40;"591-(684)427-9965"
904;"Susan";"Murray";"";0;""
905;"Lillian";"Jenkins";"ljenkinsp4@walmart.com";6;"63-(884)237-9174"
906;"Aaron";"Wilson";"awilsonp5@marketwatch.com";117;"86-(143)299-6731"
907;"Diana";"Price";"dpricep6@de.vu";58;"63-(447)966-7315"
908;"Eric";"Turner";"eturnerp7@thetimes.co.uk";44;"7-(278)880-3041"
909;"Kelly";"Stanley";"kstanleyp8@simplemachines.org";102;"967-(698)913-9653"
910;"Steven";"Anderson";"sandersonp9@google.nl";42;"86-(847)394-4343"
911;"Brenda";"Freeman";"bfreemanpa@berkeley.edu";118;"86-(378)359-8849"
912;"Nicholas";"Mccoy";"nmccoypb@webeden.co.uk";118;"380-(433)378-3575"
913;"Randy";"Dean";"rdeanpc@tiny.cc";36;"386-(147)251-0791"
914;"Judith";"Moreno";"jmorenopd@vistaprint.com";120;"63-(174)595-6513"
915;"Daniel";"Harvey";"dharveype@4shared.com";34;"86-(562)196-2339"
916;"Christina";"Wells";"cwellspf@dropbox.com";57;"30-(294)707-7277"
917;"Howard";"Richards";"hrichardspg@un.org";95;"62-(139)634-4653"
918;"Russell";"Torres";"rtorresph@google.com.br";60;"63-(628)650-4862"
919;"William";"Olson";"wolsonpi@time.com";105;"63-(949)667-9233"
920;"Fred";"Harvey";"fharveypj@imdb.com";103;"90-(341)129-1663"
921;"Frances";"Freeman";"ffreemanpk@usnews.com";17;"351-(626)972-5071"
922;"Ralph";"Burton";"rburtonpl@shutterfly.com";16;"86-(183)300-9584"
923;"Richard";"Vasquez";"rvasquezpm@intel.com";33;"48-(195)277-3707"
924;"Jacqueline";"Larson";"jlarsonpn@google.fr";61;"62-(227)178-3920"
925;"Bobby";"Hernandez";"bhernandezpo@stanford.edu";84;"86-(198)769-6917"
926;"Ruth";"Baker";"rbakerpp@samsung.com";50;"963-(196)811-3716"
927;"Johnny";"Lopez";"jlopezpq@fda.gov";32;"964-(406)533-9146"
928;"Jimmy";"Clark";"jclarkpr@goo.ne.jp";3;"420-(128)503-3710"
929;"Diane";"Hamilton";"dhamiltonps@mail.ru";87;"46-(405)342-7721"
930;"Mary";"Morales";"mmoralespt@netlog.com";70;"58-(510)130-6531"
931;"Mildred";"Howard";"mhowardpu@dailymotion.com";40;"86-(841)297-0631"
932;"Philip";"Carr";"pcarrpv@miitbeian.gov.cn";39;"54-(458)783-3749"
933;"Billy";"Payne";"bpaynepw@paginegialle.it";42;"86-(571)581-9500"
934;"Heather";"Richards";"hrichardspx@dion.ne.jp";100;"358-(421)234-6023"
935;"Philip";"Freeman";"";0;""
936;"Aaron";"Alvarez";"aalvarezpz@timesonline.co.uk";36;"81-(369)949-7995"
937;"Jeffrey";"Armstrong";"jarmstrongq0@miitbeian.gov.cn";11;"86-(690)312-4416"
938;"Joan";"Wood";"jwoodq1@cafepress.com";17;"86-(242)837-7254"
939;"Stephen";"Reed";"sreedq2@trellian.com";68;"223-(928)753-0048"
940;"Harold";"Mills";"hmillsq3@microsoft.com";38;"420-(797)417-1522"
941;"Andrew";"Miller";"amillerq4@people.com.cn";92;"62-(152)525-2245"
942;"Stephen";"Stephens";"sstephensq5@sakura.ne.jp";65;"353-(666)413-5249"
943;"Frank";"Stewart";"fstewartq6@sphinn.com";103;"255-(439)438-4547"
944;"Adam";"Alexander";"aalexanderq7@shop-pro.jp";36;"55-(610)227-9675"
945;"Jane";"Patterson";"";0;""
946;"Thomas";"Stone";"tstoneq9@unicef.org";77;"374-(803)164-1145"
947;"Chris";"Hill";"chillqa@plala.or.jp";29;"1-(801)591-0973"
948;"Kelly";"Washington";"kwashingtonqb@nhs.uk";3;"86-(557)482-3779"
949;"John";"White";"jwhiteqc@weather.com";16;"242-(583)136-8805"
950;"Kenneth";"Phillips";"kphillipsqd@github.com";106;"7-(195)294-2013"
951;"Timothy";"Banks";"tbanksqe@oaic.gov.au";111;"86-(399)141-6519"
952;"Steve";"Brooks";"sbrooksqf@nba.com";11;"62-(832)276-1131"
953;"Laura";"Owens";"lowensqg@mail.ru";83;"351-(631)732-7019"
954;"Frances";"Kelly";"fkellyqh@europa.eu";16;"86-(286)626-7890"
955;"Richard";"Pierce";"rpierceqi@prweb.com";51;"420-(816)903-7486"
956;"Elizabeth";"Harper";"eharperqj@paginegialle.it";96;"62-(851)315-2431"
957;"Justin";"Kennedy";"jkennedyqk@uiuc.edu";119;"53-(236)785-1265"
958;"Henry";"Adams";"hadamsql@twitpic.com";89;"351-(748)724-1151"
959;"Paula";"Diaz";"pdiazqm@webnode.com";65;"675-(671)381-1468"
960;"Jane";"Hill";"jhillqn@scientificamerican.com";108;"66-(347)477-2011"
961;"Christopher";"Stanley";"cstanleyqo@webeden.co.uk";101;"86-(424)632-5553"
962;"Tammy";"Russell";"";0;""
963;"Diana";"Fisher";"dfisherqq@icq.com";116;"98-(205)589-4169"
964;"Nicole";"Burns";"nburnsqr@msn.com";74;"52-(568)905-7019"
965;"Irene";"Morales";"imoralesqs@phpbb.com";39;"27-(745)583-3617"
966;"Joan";"Harper";"jharperqt@moonfruit.com";67;"86-(289)786-9560"
967;"Christine";"Morales";"cmoralesqu@yale.edu";93;"62-(909)838-3524"
968;"Victor";"Kelley";"vkelleyqv@weibo.com";62;"46-(984)851-4127"
969;"Margaret";"Richardson";"mrichardsonqw@cbsnews.com";74;"52-(238)328-1321"
970;"Angela";"Henderson";"ahendersonqx@acquirethisname.com";56;"86-(959)915-2149"
971;"Sarah";"Duncan";"sduncanqy@addtoany.com";102;"420-(680)638-8104"
972;"Keith";"Romero";"kromeroqz@nba.com";32;"58-(630)871-9557"
973;"Debra";"Cunningham";"dcunninghamr0@lycos.com";114;"375-(633)271-7768"
974;"Tina";"Gray";"tgrayr1@multiply.com";73;"380-(516)697-0404"
975;"Melissa";"Crawford";"mcrawfordr2@tinypic.com";97;"86-(947)159-5856"
976;"Todd";"Nguyen";"tnguyenr3@ucoz.ru";44;"359-(926)753-9740"
977;"Phyllis";"Butler";"";0;""
978;"Nicholas";"Hunter";"nhunterr5@google.com";69;"351-(978)172-7983"
979;"Tammy";"Gardner";"tgardnerr6@shutterfly.com";57;"7-(418)417-5975"
980;"Patricia";"Bennett";"pbennettr7@technorati.com";21;"1-(408)598-1356"
981;"Kevin";"Thompson";"kthompsonr8@businesswire.com";82;"81-(314)747-8002"
982;"Clarence";"Burns";"cburnsr9@about.me";83;"676-(617)718-6543"
983;"Ralph";"Henderson";"rhendersonra@irs.gov";75;"62-(290)803-1012"
984;"Irene";"Ford";"ifordrb@constantcontact.com";86;"62-(273)664-5027"
985;"Keith";"Bailey";"kbaileyrc@gizmodo.com";111;"46-(525)262-2831"
986;"Julia";"Woods";"jwoodsrd@cmu.edu";60;"687-(533)479-9105"
987;"Diane";"Jordan";"djordanre@si.edu";21;"359-(128)851-5387"
988;"Margaret";"Austin";"maustinrf@blogs.com";88;"47-(179)983-8149"
989;"Frances";"Cruz";"fcruzrg@techcrunch.com";28;"7-(789)537-4081"
990;"Julie";"Watson";"";0;""
991;"Gloria";"Little";"glittleri@dailymotion.com";2;"30-(785)406-5991"
992;"Kevin";"George";"kgeorgerj@4shared.com";53;"1-(907)120-8270"
993;"Rose";"Hall";"rhallrk@devhub.com";80;"86-(949)152-6633"
994;"Joan";"Hudson";"jhudsonrl@desdev.cn";56;"1-(217)375-5180"
995;"Roger";"Gilbert";"rgilbertrm@hatena.ne.jp";91;"86-(200)641-6235"
996;"Gary";"Medina";"gmedinarn@weibo.com";111;"62-(734)269-6503"
997;"Catherine";"Diaz";"cdiazro@cyberchimps.com";54;"30-(196)216-2625"
998;"Joe";"Duncan";"jduncanrp@amazon.co.jp";58;"62-(808)856-1318"
999;"Anthony";"Austin";"aaustinrq@bloglovin.com";6;"7-(347)825-1562"
1000;"Steve";"Martin";"smartinrr@craigslist.org";60;"351-(806)536-0920"
